track_id,pred_ts,pred_x,pred_y,pred_lon,pred_lat
0,2025-01-01T12:30:20,2764868.241593381,8459746.685414977,24.837233999999995,60.268437999999996
